id,label
11161,Abandono de função
11161,Abandono do cargo
11159,Abandono do processo
11159,Abandono de causa
11174,Resultado diverso do pretendido
11174,Aberratio criminis
11175,Erro na execução
11175,Erro de execução
11180,Furto de gado
11180,Abacto
11180,Furto de animal
11180,Furto de semovente
11861,Associação brasileira de normas técnicas
11861,Abnt
11184,Adicional de permanência
11184,Abono de permanência
11186,Abono de férias
11186,Abono pecuniário de férias
11187,Abono assiduidade
11187,Abono-assiduidade
11201,Incorporação de crime
11201,Absorção do crime
12192,Ação de anulação
12192,Anulatória
12240,Ação de demarcação
12240,Demarcatória
12240,Ação de demarcação de terras
12214,Ação expropriatória
12214,Ação desapropriatória
12214,Desapropriatória
12214,Expropriatória
12238,Adcon
12238,Adc
12269,Ação de reivindicação
12269,Reivindicatória
12269,Ação de reivindicação de coisa
12273,Ação pauliana
12273,Ação revogatória
11259,Acordo de dupla tributação
11259,Acordo para evitar bitributação
11971,Ato das disposições constitucionais transitórias
11971,Disposições constitucionais transitórias
11971,Adct
11293,Terço constitucional de férias
11293,Gratificação de férias
11303,Apj
11303,Adicional de padrão judiciário
11314,Gratificação adicional por tempo de serviço
11314,Gratificação por tempo de serviço
11314,Adicional de tempo de serviço
11289,Adicional ao frete para renovação da marinha mercante
11289,Afrmm
12032,Auditor fiscal do tesouro nacional
12032,Aftn
12089,Agente do crime
12089,Autor do delito
11364,Advocacia-geral da união
11364,Agu
21069,Síndrome de imunodeficiência adquirida
21069,Síndrome da imunodeficiência adquirida
21069,Sida
21069,Aids
11300,Adicional de indenização do trabalhador portuário avulso
11300,Aitp
11875,Associação latino-americana de integração
11875,Aladi
11578,Amostra comercial gratuita
11578,Amostra sem valor comercial
11462,Agência nacional de telecomunicações
11462,Anatel
11877,Associação nacional dos bancos de investimento e desenvolvimento
11877,Anbid
11460,Aneel
11460,Agência nacional de energia elétrica
11630,Contribuição anual
11630,Prestação anual
11630,Pagamento anual
22042,Apa
22042,Área de proteção ambiental
11849,Assistência judiciária gratuita
11849,Justiça gratuita
11849,Assistência judiciária aos necessitados
11849,Assistência jurídica
11931,Atividade pastoril
11931,Pecuária
11309,Atp
11309,Adicional de tarifa portuária
12078,Autoaplicação
12078,Auto-aplicação
12078,Auto-aplicabilidade
12313,Banco central do brasil
12313,Bacen
12313,Banco central (bacen)
12313,Banco central
12397,Benefícios fiscais a programas especiais de exportação
12397,Befiex
12340,Coisa alienada
12340,Coisa vendida
12340,Bem vendido
12322,Banco nacional de crédito cooperativo
12322,Bncc
12322,Banco nacional de crédito cooperativo s.a.
12323,Banco nacional de desenvolvimento econômico e social
12323,Bndes
12324,Banco nacional de habitação
12324,Banco nacional da habitação
12324,Bnh
12429,Bmf
12429,Bm&f
12451,Bônus do tesouro nacional
12451,Btn
13398,Carteira de comércio exterior do banco do brasil s.a.
13398,Cacex
13398,Consultoria e assessoria em comércio exterior
13398,Carteira de exportação e importação do banco do brasil s.a.
12463,Cpf
12463,Cadastro de pessoas físicas
13261,Conselho administrativo de defesa econômica
13261,Cade
12478,Caderneta de depósito
12478,Poupança
12468,Cadastro informativo dos créditos de órgãos e entidades federais não-quitados
12468,Cadastro informativo de créditos não quitados do setor público federal (cadin)
12468,Cadastro informativo de créditos não quitados (cadin)
12468,Cadin
12464,Cadastro fiscal de imóveis rurais
12464,Cafir
12489,Cef
12489,Caixa econômica federal
12573,Carta de fretamento
12573,Carta-partida
12747,Certificado de depósito bancário
12747,Cdb
13289,Conselho estadual de previdência social
13289,Ceps
13004,Comissão especial de recursos
13004,Cer
12727,Certidão da dívida ativa
12727,Cda
12727,Certidão de dívida ativa
12736,Cnd
12736,Certidão negativa de débito
12737,Certidão positiva de débito
12737,Cpd
12796,Cheque sem provisão de fundos
12796,Cheque sem suficiência de fundos
12805,Fumo
12805,Tabaco
12807,Quinquídio
12807,05 dias
13366,Consolidação das leis da previdência social
13366,Clps
13367,Consolidação das leis do trabalho
13367,Clt
13303,Conselho monetário nacional
13303,Cmn
13304,Conselho municipal de previdência social
13304,Cmps
13010,Comissão nacional de energia nuclear
13010,Cnen
13318,Conselho nacional de previdência social
13318,Cnps
13320,Conselho nacional de seguros privados
13320,Conselho nacional do seguro privado (cnsp)
13320,Cnsp
13307,Conselho nacional da seguridade social
13307,Cnss
13265,Conselho coordenador do ensino da pesquisa e da extensão
13265,Cocep
13968,Cdc
13968,Codecon
13968,Código de defesa do consumidor
13982,Cnt
13982,Código nacional de trânsito
13297,Conselho federal de fisioterapia e terapia ocupacional
13297,Coffito
13532,Confins
13532,Contribuição para financiamento da seguridade social
13532,Contribuição para financiamento da seguridade social (cofins)
13532,Cofins
13532,Contribuição para o financiamento da seguridade social
13031,Companhia de habitação popular
13031,Cohab
12930,Res derelictae
12930,Res derelicta
13011,Cpi
13011,Comissão parlamentar de inquérito
13044,Compensação de tributo
13044,Compensação do crédito tributário
13044,Compensação tributária
13073,Competência em razão do lugar
13073,Competência ratione loci
13034,Conselho nacional de abastecimento
13034,Conab
13034,Companhia nacional de abastecimento
13324,Conselho nacional do meio ambiente
13324,Conama
13326,Conselho nacional dos direitos da criança e adolescente
13326,Conselho nacional dos direitos da criança e do adolescente
13326,Conanda
13309,Conselho nacional de cinema
13309,Concine
13194,Situação econômica
13194,Condição financeira
13194,Situação financeira
13295,Conselho federal de engenharia arquitetura e agronomia
13295,Confea
13295,Conselho federal de engenharia e agronomia
13220,Contag
13220,Confederação dos trabalhadores da agricultura
13314,"Conselho nacional de metrologia, normatização e qualidade industrial"
13314,Conmetro
13281,Cpa
13281,Conselho de política aduaneira
13292,Cofeci
13292,Conselho federal de corretores de imóveis
13330,Cra
13330,Conselho regional de administração
13331,Crc
13331,Conselho regional de contabilidade
13332,Creci
13332,Conselho regional de corretores de imóveis
13335,Coren
13335,Conselho regional de enfermagem
13338,Crefito
13338,Conselho regional de fisioterapia e terapia ocupacional
13344,Crq
13344,Conselho regional de química
13345,Core
13345,Conselho regional de representantes comerciais
13356,Consuni
13356,Conselho universitário
13434,Conteiner
13434,Containers
13322,Conselho nacional de trânsito
13322,Contran
13585,Divórcio indireto
13585,Conversão de separação em divórcio
13333,Conselho regional de economia
13333,Corecon
13626,Corregedor geral da justiça
13626,Corregedor-geral da justiça
13626,Corregedor-geral de justiça
13669,Quota-parte
13669,Quinhão
13336,Conselho regional de engenharia arquitetura e agronomia
13336,Creaa
13336,Crea
13336,Conselho regional de engenharia e agronomia
13337,Crf
13337,Conselho regional de farmácia
13691,Ato criminoso
13691,Ato delituoso
13722,Crime tributário
13722,Ilícito tributário
13722,Delito tributário
13831,Método trifásico
13831,Sistema trifásico
13340,Conselho regional de medicina
13340,Crm
13342,Conselho regional de odontologia
13342,Cro
13343,Conselho regional de psicologia
13343,Crp
13347,Conselho regional do trabalho marítimo
13347,Crtm
12588,Ctps
12588,Carteira de trabalho e previdência social
13930,Custo unitário básico
13930,Cub
13003,Comissão de valores mobiliários
13003,Cvm
14618,Direção e assessoramento intermediário
14618,Direção e assistência intermediária
14618,Dai
14618,Encargo de direção ou assistência intermediária
14739,Documento de arrecadação de receitas federais
14739,Darf
14617,Direção e assessoramento superior
14617,Das
14614,Diretório central de estudantes
14614,Dce
14614,Diretório central dos estudantes
14028,Falecido
14028,Morto
14211,Departamento de comércio exterior
14211,Decex
14211,Departamento de operações de comércio exterior
14037,Sentença citra petita
14037,Julgamento citra petita
14043,Sentença extra petita
14043,Julgamento extra petita
14057,Sentença ultra petita
14057,Julgamento ultra petita
14057,Decisão além do pedido
14057,Julgamento além do pedido
14057,Sentença além do pedido
14090,Declaração incidenter tantum
14090,Declaração incidental
14168,Fato delituoso
14168,Infração penal
14222,Departamento nacional de trânsito
14222,Denatran
14193,Nomen juris
14193,Nomen iuris
14223,Dnaee
14223,Departamento nacional de águas e  energia elétrica
14221,Dnta
14221,Departamento nacional de transportes aquaviários
16512,Desconsideração da pessoa jurídica
16512,Disregard of legal entity
16512,Lifting the corporate veil
14318,Rescisão de julgado
14318,Desconstituição do julgado
14318,Rescisão do julgado
14323,Erro de tipo permissivo
14323,Erro sui generis
14323,Eximente putativa
14213,Departamento de trânsito
14213,Detran
14213,Departamento estadual de trânsito
14213,Departamento de trânsito (detran)
14456,Decêndio
14456,10 dias
14720,Diário oficial da justiça
14720,Diário de justiça
14720,Diário oficial de justiça
14521,Direito de preempção
14521,Preempção
14216,Departamento nacional de estradas de rodagem
14216,Dner
14218,Departamento nacional de obras contra a seca
14218,Departamento nacional de obras contra as secas
14218,Dnocs
14220,Departamento nacional de proteção e defesa econômica
14220,Dnpde
14728,Doação modal
14728,Doação onerosa
14754,Enfermidade
14754,Moléstia
14762,Enfermidade grave
14762,Moléstia grave
14753,Deficiente mental
14753,Psicopata
14773,Biênio
14773,02 anos
14782,Dolo especial
14782,Dolo com intenção ulterior
14822,Draw back
14822,Draw-back
15050,Empresa brasileira de correios e telégrafos
15050,Ect
14896,Efeito modificativo
14896,Caráter infringente
14896,Caráter modificativo
14910,Antecipação da tutela recursal
14910,Antecipação de tutela recursal
15109,Endosso pleno
15109,Endosso nominativo
15109,Endosso completo
15109,Endosso cheio
15135,Enriquecimento ilícito
15135,Locupletamento
15146,Entidade filantrópica
15146,Instituição beneficente
15146,Sociedade beneficente
15146,Sociedade caritativa
15146,Sociedade filantrópica
15146,Instituição de beneficência
15146,Instituição de caridade
15146,Instituição filantrópica
15146,Entidade sem fim lucrativo
15157,Droga
15157,Tóxico
15333,Eoab
15333,Estatuto da ordem dos advogados do brasil
15228,Cofres públicos
15228,Tesouro público
15228,Erário público
15215,Erro invencível
15215,Erro inevitável
15215,Erro justificável
15215,Erro inculpável
15215,Erro desculpável
15219,Erro indesculpável
15219,Erro vencível
15219,Erro evitável
15219,Erro injustificável
15219,Erro culpável
15223,Erro de pessoa
15223,Error in persona
15293,Entidade educacional
15293,Escola
15293,Instituição de educação
15293,Instituição de ensino
15293,Colégio
15331,Eca
15331,Estatuto da criança e do adolescente
15357,Linha férrea
15357,Via férrea
15396,Ex-esposa
15396,Ex-marido
15388,Ato de ofício
15388,De ofício
15388,Ex-officio
15414,Autópsia
15414,Necropsia
15465,Excludente da culpabilidade
15465,Dirimente
15465,Causa de exclusão da culpabilidade
15465,Causa de exclusão de culpabilidade
15465,Exclusão de culpabilidade
15465,Exclusão da culpabilidade
15484,Ação executiva fiscal
15484,Executivo fiscal
15484,Processo executivo fiscal
15488,Ação executiva
15488,Execução forçada
15617,Fax
15617,Fac simile
15972,Fundo de aplicação financeira
15972,Faf
15977,Fundo de compensação de variações salariais
15977,Fcvs
15956,Fundação estadual para o bem-estar do menor
15956,Fundação estadual para o bem estar do menor
15956,Febem
15956,Fundação estadual do bem-estar do menor
15962,Fundação nacional para o bem-estar do menor
15962,Fundação nacional para o bem estar do menor
15962,Fenabem
15962,Fundação nacional do bem-estar do menor
15760,Ferrovia paulista s/a
15760,Fepasa
15760,Ferrovia paulista s.a.
15983,Fundo de garantia por tempo de serviço
15983,Fgts
16010,Fundo para pagamento de prestações no caso de perda de renda por desemprego ou invalidez temporária
16010,Fundo para pagamento de prestações no caso de perda de renda por desemprego e invalidez temporária
16010,Fiel
15986,Fundo de investimento da amazônia
15986,Finam
15986,Fundo de investimentos da amazônia
15987,Fundo de investimento do nordeste
15987,Finor
15987,Fundo de investimentos do nordeste
15960,Fundação instituto de pesquisas econômicas
15960,Fipe
15813,Custos legis
15813,Fiscal da lei
15984,Fundo de indenização do trabalhador portuário avulso
15984,Fitp
15832,Flagrante delito
15832,Flagrante-delito
16004,Fundo nacional de desenvolvimento
16004,Fnd
16005,Fundo de desenvolvimento da educação
16005,Fnde
16005,Fundo nacional de desenvolvimento da educação
16008,Fundo nacional de telecomunicações
16008,Fnt
15877,Foro contratual
15877,Foro do contrato
15887,Xérox
15887,Xerocópia
15887,Reprografia
15939,Fumus boni iuris
15939,Fumus boni iures
15939,Fumus boni jures
15963,Fundação nacional do índio
15963,Funai
15973,Fundo de assistência ao trabalhador rural
15973,Funrural
16108,Gratificação de atividade por desempenho de função
16108,Gadf
16108,Gratificação de atividade pelo desempenho de função
16106,Gratificação de atividade executiva
16106,Gae
16199,Gás de cozinha
16199,Glp
16109,Gratificação de atividade técnico-administrativa
16109,Gata
11260,Gatt
11260,General agreement on tariffs and trade
11260,Acordo geral sobre tarifas aduaneiras
11260,Acordo geral sobre tarifas aduaneiras (gatt)
16117,Gratificação de desempenho de atividade essencial à justiça
16117,Gratificação de desempenho de função essencial à justiça
16117,Gfj
16136,Gratificação por operações especiais
16136,Gratificação de operações especiais
16136,Goe
16107,Gaj
16107,Gratificação de atividade judiciária
16122,Gefa
16122,Gratificação de estímulo à fiscalização e à arrecadação dos tributos federais
16122,Gratificação de estímulo à fiscalização e à arrecadação de tributos federais
16159,Gravidade do crime
16159,Gravidade do delito
16128,Gratificação de representação de gabinete
16128,Grg
16167,Grupo de sociedades
16167,Grupo empresarial
16167,Grupo financeiro
16247,Herdeiro instituído
16247,Herdeiro nomeado
16312,Casa de custódia e tratamento
16312,Manicômio judiciário
16723,Iaa
16723,Instituto do açúcar e do álcool
16702,Instituto de administração financeira da previdência e assistência social
16702,Iapas
16700,Instituto brasileiro do meio ambiente e dos recursos naturais renováveis
16700,Ibama
16700,Instituto brasileiro do meio ambiente
16700,Instituto brasileiro do meio ambiente (ibama)
16699,Instituto brasileiro do café
16699,Ibc
16697,Instituto brasileiro de defesa florestal
16697,Ibdf
16697,Instituto brasileiro de desenvolvimento florestal
16698,Instituto brasileiro de geografia e estatística
16698,Ibge
16701,Instituto brasileiro do patrimônio cultural
16701,Ibpc
16409,Imposto sobre circulação de mercadorias e serviços
16409,Imposto sobre circulação de mercadorias
16409,Icms
16409,Imposto sobre circulação de mercadorias e prestação de serviços
16411,Imposto sobre grandes fortunas
16411,Igf
22063,Índice geral de preços
22063,Igp
16725,Instituto médico legal
16725,Iml
16472,Residência funcional
16472,Apartamento funcional
16383,Ie
16383,Imposto de exportação
16384,Imposto sobre importação
16384,Ii
16384,Imposto de importação
16384,Imposto sobre importação de produtos estrangeiros (ii)
16386,Irpf
16386,Imposto sobre a renda da pessoa física
16386,Imposto de renda pessoa física
16388,Imposto de renda retido na fonte
16388,Irrf
16406,Itr
16406,Imposto territorial rural
16406,Imposto sobre a propriedade territorial rural
16406,Imposto territorial rural (itr)
16408,Itbi
16408,Imposto sobre a transmissão de bens imóveis
16408,Imposto sobre a transmissão de bens imóveis e de direitos a eles relativos
16408,Imposto sobre a transmissão de bens imóveis (itbi)
16420,Iuee
16420,Imposto único sobre energia elétrica
16421,Imposto único sobre lubrificantes e combustíveis líquidos e gasosos
16421,Iulclg
16422,Ium
16422,Imposto único sobre minerais
16425,Jornal oficial
16425,Órgão oficial
16454,Imunidade diplomática
16454,Princípio da imunidade de jurisdição de estado estrangeiro
16454,Teoria da imunidade de jurisdição soberana
16454,Doutrina da imunidade estatal à jurisdição estrangeira
16726,Instituto nacional de assistência médica e previdência social
16726,Inamps
16726,Instituto nacional de assistência médica da previdência social
16520,Questão incidente
16520,Questão incidental
22062,Irsm
22062,Índice de reajuste do salário mínimo
22065,Igpm
22065,Igp-m
22065,Índice geral de preços do mercado
16631,Infração tributária
16631,Ilícito fiscal
15051,Empresa brasileira de infraestrutura aeroportuária
15051,Empresa brasileira de infra-estrutura aeroportuária
15051,Infraero
16729,Instituto nacional de metrologia normatização e qualidade industrial
16729,Inmetro
22068,Índice nacional de preços ao consumidor
22068,Inpc
16731,Instituto nacional de propriedade industrial
16731,Inpi
16730,Instituto nacional de previdência social
16730,Inps
16732,Instituto nacional de seguro social
16732,Instituto nacional de seguridade social
16732,Instituto nacional do seguro social
16732,Inss
16703,Iapi
16703,Instituto de aposentadoria e pensões dos industriários
16704,Iapm
16704,Instituto de aposentadoria e pensões dos marítimos
16727,Incra
16727,Instituto nacional de colonização e reforma agrária
16770,Interceptação de comunicações telefônicas
16770,Interceptação de comunicação telefônica
16770,Interceptação de conversa telefônica
16832,Interpretação benigna
16832,Interpretação favorável
16413,Imposto sobre operações financeiras
16413,Imposto sobre operações de crédito
16413,Iof
16413,"Imposto sobre operações de crédito, câmbio e seguro, ou relativas a títulos mobiliários"
22059,Ipc
22059,Índice de preços ao consumidor
22060,Índice de preços ao consumidor em real
22060,Ipc-r
22060,Índice de preços ao consumidor série r
22070,Índice de preços ao consumidor amplo-especial
22070,Ipca-e
22070,Índice de preços ao consumidor amplo-especial (ipca-e)
16724,Instituto do patrimônio histórico e artístico nacional
16724,Iphan
16415,Imposto sobre produtos industrializados
16415,Ipi
16415,Imposto sobre produto industrializado (ipi)
16415,Imposto sobre produto industrializado
16402,Imposto provisório sobre movimentação financeira
16402,Ipmf
16405,Iptu
16405,Imposto sobre a propriedade predial e territorial urbana
16405,Imposto predial e territorial urbano
16404,Ipva
16404,Imposto sobre a propriedade de veículos automotores
16404,Imposto sobre propriedade de veículos automotores
16722,Instituto de resseguros do brasil
16722,Irb
22061,Índice de reajuste de valores fiscais
22061,Irvf
16416,Imposto sobre serviços
16416,Issqn
16416,Iss
16416,Imposto sobre serviços de qualquer natureza
16414,Imposto sobre os serviços de transporte rodoviário interestadual de passageiros e cargas
16414,Imposto sobre os serviços de transporte rodoviário intermunicipal e interestadual de pessoas e cargas
16414,Istr
16417,Itcd
16417,Itcmd
16417,Itd
16417,Imposto sobre transmissão causa mortis e doação de quaisquer bens ou direitos
16417,Imposto sobre transmissão causa mortis e doação
16417,Imposto de transmissão causa mortis e doação de quaisquer bens ou direitos (itcd)
16418,Imposto sobre vendas a varejo de combustíveis líquidos e gasosos
16418,Ivvc
17025,Jurisprudência firme
17025,Jurisprudência firmada
17028,Anatocismo
17028,Capitalização de juros
17028,Juros capitalizados
17028,Juros acumulados
17028,Juros sobre juros
17028,Juros frugíferos
17037,Juros extorsivos
17037,Juros onzenários
17105,Autolançamento
17105,Auto-lançamento
17123,Cultura
17123,Plantação
17156,Fundação legião brasileira de assistência
17156,Legião brasileira de assistência
17156,Lba
17252,Letra do banco central
17252,Lbc
17252,Letra do banco centra do brasil
17164,Legislação brasileira
17164,Legislação nacional
17178,Lei das execuções penais
17178,Lei da execução penal
17178,Lei de execuções penais
17249,Ler
17249,Lesão por esforço repetitivo
17253,Letra financeira do tesouro
17253,Lft
17181,Lei de introdução ao código civil
17181,Lei de introdução às normas do direito brasileiro
17181,Licc
17307,Licença especial
17307,Licença-prêmio por assiduidade
17215,Estatuto da magistratura
17215,Lei orgânica da magistratura nacional
17450,Lugar da infração
17450,Lugar do delito
17450,Locus delicti
17450,Locus comissi delicti
17471,Maior de 14 anos
17471,Maior de quatorze anos
17474,Maior de 60 anos
17474,Sexagenário
17476,Septuagenário
17476,Maior de 70 anos
17616,Medida acautelatória
17616,Medida acauteladora
17668,Menor de quatorze anos
17668,Menor de 14 anos
17743,Mare
17743,Ministério da administração federal e reforma do estado
17744,Maer
17744,Ministério da aeronáutica
17748,Mct
17748,Ministério da ciência e tecnologia
17752,Mec
17752,Ministério da educação
17754,Mf
17754,Ministério da fazenda
17755,Mict
17755,Ministério da indústria comércio e turismo
17757,Minfra
17757,Ministério da infra-estrutura
17760,Mj
17760,Ministério da justiça
17767,Mre
17767,Ministério de relações exteriores
17767,Ministério das relações exteriores
17768,Mme
17768,Ministério das minas e energia
17768,Ministério de minas e energia
17772,Me
17772,Ministério do exército
17779,Mtr
17779,Ministério dos transportes
17780,Mp
17780,Ministério público
17832,Falecimento
17832,Óbito
17481,Maior valor de referência
17481,Mrv
17926,Caráter alimentar
17926,Caráter alimentício
17926,Natureza alimentícia
17993,Nexo causal
17993,Relação de causalidade
17993,Relação causal
18287,Ordem dos advogados do brasil
18287,Oab
18307,Organização dos estados americanos
18307,Oea
18225,Oficial do registro de imóveis
18225,Oficial do registro imobiliário
18225,Oficial de registro imobiliário
18304,Nações unidas
18304,Organização das nações unidas
18304,Onu
22089,Órgão de gestão de mão-de-obra do trabalho portuário
22089,Ogmo
22089,Órgão gestor de mão de obra do trabalho portuário
22089,Órgão de gestão de mão de obra do trabalho portuário
18164,Obrigação reajustável do tesouro nacional
18164,Obrigações reajustáveis do tesouro nacional
18164,Ortn
18155,Obrigação do tesouro nacional
18155,Obrigações do tesouro nacional
18155,Otn
18352,Pagamento a prazo
18352,Pagamento a prestação
18479,Estado estrangeiro
18479,Exterior
18359,Genitores
18359,Pais biológicos
18405,Parentesco por adoção
18405,Parentesco adotivo
19458,Programa de assistência ao servidor público
19458,Programa de assistência de formação do patrimônio do servidor público
19458,Programa de formação do patrimônio
19458,Pasep
18733,Plano de demissão voluntária
18733,Pdv
18733,Programa de demissão voluntária
18513,Pena em concreto
18513,Pena in concreto
18513,Pena concretizada
18534,Punição disciplinar
18534,Sanção disciplinar
19460,Programa de integração social
19460,Programa de integração social e programa de formação do patrimônio do servidor público (pis/pasep)
19460,Pis
18725,Plano brasil novo
18725,Plano collor
18729,Pcs
18729,Plano de classificação de cargos (pcc)
18729,Plano de classificação de cargos e salários (pccs)
18729,Plano de cargos e salários
18729,Plano de classificação de cargos
18729,Plano de classificação de cargos e salários
18734,Pes
18734,Plano de equivalência salarial
18742,Pifi
18742,Plano integrado floresta-indústria
18747,Planta de valores genérica
18747,Planta de valores
18975,Detento
18975,Presidiário
18995,Prestação de serviço à comunidade
18995,Prestação social alternativa
19008,Presunção juris et de jure
19008,Presunção iure et de iure
19016,Presunção juris tantum
19016,Presunção iuris tantum
19022,Jus puniendi
19022,Ius puniendi
19120,Princípio de causalidade
19120,Princípio da causação
19177,Princípio da igualdade
19177,Paridade de tratamento
19208,Princípio do estado de inocência
19208,Princípio de presunção de inocência
19208,Princípio de presunção da inocência
19208,Princípio da não-culpabilidade
19220,Juízo da razoabilidade
19220,Juízo de razoabilidade
19368,Procuradoria da fazenda nacional
19368,Pfn
19369,Procuradoria-geral da fazenda nacional
19369,Pgfn
19413,Gênero perecível
19413,Mercadoria perecível
19457,Programa de financiamento às exportações
19457,Proex
19453,Programa de assistência ao trabalhador rural
19453,Prorural
19551,Protesto cambial
19551,Protesto de títulos
19574,Prova escolar
19574,Exame escolar
19586,Prova incontestável
19586,Prova incontroversa
19753,Quinzena
19753,15 dias
20411,Emissora de rádio de pequeno alcance
20411,Rádio de pequeno alcance
20340,Retribuição adicional variável
20340,Rav
20050,Regulamento de benefícios da previdência social
20050,Regulamento dos benefícios da previdência social
20050,Rbps
19834,Recibo de depósito bancário
19834,Rdb
19795,Reajustamento
19795,Reajuste salarial
19847,Reclassificação de cargo
19847,Reclassificação de cargo ou função
19847,Reclassificação do cargo ou função
19847,Reclassificação funcional
20017,Registro comercial
20017,Registro do comércio
20107,Recurso de ofício
20107,Recurso ex officio
20107,Reexame necessário
20107,Remessa de ofício
20107,Remessa oficial
20107,Reexame obrigatório
20107,Remessa necessária
20168,Ressarcimento do dano
20168,Ressarcimento de dano
20168,Reparação do dano
20178,Restituição do indébito
20178,Repetição de indébito
19991,Regime facultativo complementar de previdência social
19991,Rfcps
19923,Rede ferroviária federal s.a.
19923,Rede ferroviária federal sociedade anônima (rffsa)
19923,Rede ferroviária federal
19923,Rffsa
19923,Rede ferroviária federal s/a
19923,Rede ferroviária federal (rffsa)
19923,Rede ferroviária federal sociedade anônima
19923,Rede ferroviária federal sa
19923,Rede ferroviária federal sa (rffsa)
19923,Rede ferroviária federal s/a (rffsa)
19993,Regime geral de previdência social
19993,Rgps
20463,Pena administrativa
20463,Penalidade administrativa
20481,Srf
20481,Secretaria da receita federal
20481,Secretaria da receita federal do brasil
20481,Secretaria da receita federal do brasil (srf)
20543,Companhia de seguro
20543,Instituição seguradora
20543,Empresa seguradora
20543,Empresa de seguro
20551,Seguro agrícola
20551,Seguro rural
20552,Seguro do trabalho
20552,Sat
20552,Seguro de acidente de trabalho
20552,Seguro de acidente do trabalho (sat)
20552,Seguro contra acidentes do trabalho
20552,Seguro contra acidentes do trabalho (sat)
17857,Movimento dos trabalhadores rurais sem terra
17857,Sem-terra
17857,Movimento dos sem terra
20683,Serviço nacional de aprendizagem do comércio
20683,Senac
20683,Serviço nacional de aprendizagem comercial
20685,Serviço nacional de aprendizagem industrial
20685,Senai
20686,Serviço nacional de aprendizagem rural
20686,Senar
12718,Centralização de serviços de bancos s/a
12718,Centralização dos serviços dos bancos s/a
12718,Serasa
12718,Centralizadora de serviços dos bancos s/a
20676,Serviço federal de processamento de dados
20676,Serpro
20672,Spu
20672,Serviço de patrimônio da união
20700,Serviço social do comércio
20700,Sesc
20773,Sistema financeiro habitacional
20773,Sistema financeiro da habitação
20773,Sistema financeiro habitacional (sfh)
20773,Sfh
20778,Sistema integrado de pagamento de impostos e contribuições das microempresas e empresas de pequeno porte
20778,Simples (direito tributário)
20778,Simples
20778,Simples federal
20778,Simples nacional
20764,Entidade sindical
20764,Associação sindical
20765,Sindicato da indústria e da construção civil
20765,Sinduscon
20786,Sistema nacional de previdência e assistência social
20786,Sinpas
20789,Sistema nacional do meio ambiente
20789,Sisnama
20770,Sistema de protocolo judiciário descentralizado
20770,Protocolo integrado
20784,Sisni
20784,Sistema nacional de informações
20494,Secretaria nacional de direito econômico
20494,Snde
20662,Serviço de proteção ao crédito
20662,Spc
20663,Serviço de proteção ao patrimônio histórico e artístico nacional
20663,Sphan
21018,Supremo tribunal federal
21018,Stf
21005,Superior tribunal de justiça
21005,Stj
21006,Superior tribunal militar
21006,Stm
20997,Superintendência do desenvolvimento do nordeste
20997,Sudene
20994,Superintendência da zona franca de manaus
20994,Suframa
21000,Superintendência nacional do abastecimento
21000,Sunab
20793,Sistema único de saúde
20793,Sus
20995,Superintendência de seguros privados
20995,Susep
21468,Tribunal de contas do distrito federal
21468,Tcdf
21469,Tribunal de contas do estado
21469,Tce
21470,Tribunal de contas do município
21470,Tcm
21467,Tribunal de contas da união
21467,Tcu
21185,Crime tentado
21185,Conatus
21135,Taxa de fiscalização de funcionamento
21135,Tff
21133,Taxa de fiscalização de instalação
21133,Tfi
21478,Tribunal federal de recursos
21478,Tfr
21091,Tabela de incidência do ipi
21091,Tipi
21091,Tabela de incidência do imposto sobre produtos industrializados
21596,Tda
21596,Título da dívida agrária
21596,Títulos da dívida agrária
21569,Tdp
21569,Título da dívida pública
21474,Tribunal de justiça militar
21474,Tjm
21146,Taxa de organização e regulamentação do mercado de borracha
21146,Tormb
21158,Taxa referencial
21158,Tr
21516,Tráfico de entorpecente
21516,Tráfico de drogas
21402,Transferência compulsória
21402,Transferência ex officio
21159,Taxa referencial diária
21159,Trd
21484,Tribunal regional eleitoral
21484,Tre
21529,Triênio
21529,03 anos
21483,Tribunal regional do trabalho
21483,Trt
21489,Tribunal superior eleitoral
21489,Tse
21488,Tribunal superior do trabalho
21488,Tst
21561,Técnico do tesouro nacional
21561,Ttn
21543,Antecipação da tutela
21543,Antecipação de tutela
21620,Unidade fiscal de referência
21620,Ufir
21643,União nacional de estudantes
21643,Une
21614,Reunião de processos
21614,União de processos
21625,Unidade padrão de capital
21625,Upc
21616,Unidade de referência de preços
21616,Urp
21626,Unidade real de valor
21626,Urv
21717,Quantia
21717,Quantum
21718,Vaf
21718,Valor adicionado fiscal
21741,Valor ínfimo
21741,Valor insignificante
21773,Vantagem de caráter individual
21773,Vantagem de caráter pessoal
21785,Juízo das execuções criminais
21785,Vara das execuções criminais
21854,Automóvel
21854,Veículo
21858,Automóvel usado
21858,Carro usado
11219,Anuência
11219,Aquiescência
11219,Assentimento
11219,Concordância
11285,Procrastinação
11285,Protelamento
11285,Retardamento
11484,Arguição
11484,Argüição
11524,Modificação
11524,Mudança
11694,Exame
11694,Análise
17447,Local
17447,Localidade
18118,Finalidade
18118,Escopo
18118,Propósito
18578,Percentagem
18578,Porcentagem
15955,Escola nacional de administração pública
15955,Enap
15955,Fundação escola nacional de administração pública
15988,Fundo de investimentos setoriais
15988,Fiset
19686,Quadrilha qualificada
19686,Formação de quadrilha qualificada
16276,Homem médio
16276,Homem comum
13976,Ctb
13976,Código brasileiro de trânsito
13976,Código de trânsito brasileiro
14861,Obrigação em dinheiro
14861,Dívida de dinheiro
14861,Obrigação pecuniária
18629,Pe
18629,Estado de pernambuco
16461,Imunidade profissional do advogado
16461,Imunidade penal do advogado
16461,Imunidade penal judiciária do advogado
16457,Imunidade judicial
16457,Libertas conviciandi
13962,Cbt
13962,Código brasileiro de telecomunicações
12924,Ces
12924,Coeficiente de equiparação salarial
19451,Pat
19451,Programa de alimentação do trabalhador
20797,Situação de fato
20797,Estado de fato
16001,Fundo monetário internacional
16001,Fmi
19111,Autonomia patrimonial da sociedade
19111,Autonomia patrimonial da pessoa jurídica
13310,Conselho nacional de desenvolvimento científico e tecnológico
13310,Cnpq
15242,Esaf
15242,Escola de administração fazendária
16846,Intervalo para descanso
16846,Intervalo para repouso e alimentação
16846,Intervalo intrajornada
16228,Criminalidade habitual
16228,Habitualidade delitiva
11477,Estado de alagoas
11477,Al
11570,Am
11570,Estado do amazonas
11876,Associação latino-americana de livre comércio
11876,Alalc
11569,Ap
11569,Estado do amapá
15954,Fundação educacional do distrito federal
15954,Fedf
15098,Cessação
15098,Término
15957,Fgv
15957,Fundação getúlio vargas
12296,Ba
12296,Estado da bahia
21065,Sp
21065,Estado de são paulo
12326,Banco regional de desenvolvimento do extremo-sul
12326,Brde
12486,"Caixa de pecúlios, pensões e montepios beneficente"
12486,Capemi
12670,Fundamento da dívida
12670,Motivo da dívida
12670,Causa do débito
14069,Declaração de contribuições e tributos federais
14069,Dctf
12698,Ce
12698,Estado do ceará
11955,Ato passado
11955,Ato pretérito
12589,Carteira de identidade funcional
12589,Identidade funcional
13941,Central de liquidação e custódia de títulos privados
13941,Cetip
13941,Câmara de custódia e liquidação
12757,Certificado de registro de veículos
12757,Crv
12757,Certificado de registro do veículo
12758,Certificado de registro e licenciamento de veículos
12758,Certificado de registro e licenciamento do veículo
12758,Crlv
13028,Companhia de tecnologia de saneamento ambiental
13028,Companhia ambiental do estado de são paulo
13028,Cetesb
16094,Governo do distrito federal
16094,Gdf
12325,Banco regional de brasília
12325,Banco de brasília
12325,Brb
13993,Consul ad-honorem
13993,Consul electi
19325,Pad
19325,Processo administrativo disciplinar
16090,Go
16090,Estado de goiás
14833,Duplicata sem lastro
14833,Duplicata fria
13325,Conselho nacional de petróleo
13325,Cnp
13325,Conselho nacional do petróleo
18709,Pi
18709,Estado do piauí
13317,Conselho nacional de política fazendária
13317,Confaz
13222,Confederação nacional dos estabelecimentos de ensino
13222,Confenen
12760,Certificado de regularidade de situação jurídico-fiscal
12760,Certificado de regularidade de situação
12760,Certificado de regularidade jurídico-fiscal
12760,Certificado de regularidade fiscal
12760,Crjf
14019,Trauma psicológico
14019,Trauma psíquico
14019,Dano psíquico
15990,Fundo de manutenção e desenvolvimento do ensino fundamental e de valorização do magistério
15990,Fundef
11268,Ac
11268,Estado do acre
12205,Ação acidentária
12205,Ação de acidente de trabalho
15083,Egf
15083,Empréstimo do governo federal
15284,Es
15284,Estado do espírito santo
13544,Csll
13544,Cssl
13544,Contribuição social sobre lucro líquido (csll)
13544,Contribuição social sobre lucro líquido
13544,Contribuição social sobre o lucro líquido
12231,Ação de repetição de indébito
12231,Ação de restituição do indébito
12231,Ação de restituição de indébito
18926,Racismo
18926,Discriminação racial
18926,Preconceito racial
12249,Ação negativa de paternidade
12249,Ação de impugnação de paternidade
20371,Rj
20371,Estado do rio de janeiro
20372,Rn
20372,Estado do rio grande do norte
20373,Rs
20373,Estado do rio grande do sul
20400,Ro
20400,Estado de rondônia
20401,Rr
20401,Estado de roraima
12264,Ação de redução de preço
12264,Ação estimatória
12264,Ação de abatimento de preço
16311,Hfa
16311,Hospital das forças armadas
20658,Serviço de apoio às micro e pequenas empresas
20658,Serviço de apoio às micro e pequenas empresas (sebrae)
20658,Sebrae
20658,Serviço brasileiro de apoio às micro e pequenas empresas
14209,Departamento de estradas de rodagem
14209,Der
18437,Pa
18437,Estado do pará
18376,Pr
18376,Estado do paraná
17737,Mg
17737,Estado de minas gerais
20461,Sc
20461,Estado de santa catarina
20632,Se
20632,Estado de sergipe
17574,Mt
17574,Estado do mato grosso
17575,Ms
17575,Estado do mato grosso do sul
14741,Documento de arrecadação de receitas previdenciárias
14741,Darp
18577,Quantidade ínfima
18577,Quantidade mínima
14006,Dano infecto
14006,Dano receado
16023,Fg
16023,Função gratificada
16019,Função de confiança de direção intermediária
16019,Di
17762,Mpas
17762,Mps
17762,Ministério da previdência e assistência social
17778,Mtps
17778,Ministério do trabalho e previdência social
17778,Ministério do trabalho e da previdência social
14215,Dnc
14215,Departamento nacional de combustíveis
14210,Dipo
14210,Departamento de inquéritos policiais e polícia judiciária
14212,Detro
14212,Departamento de transportes rodoviários
15259,Ecad
15259,Escritório central de arrecadação e distribuição
16733,Instituto tecnológico da aeronáutica
16733,Ita
16733,Instituto tecnológico de aeronáutica
13294,Conselho federal de enfermagem
13294,Cofen
17751,Mefp
17751,Ministério da economia fazenda e planejamento
15982,Fies
15982,Fundo de financiamento ao estudante do ensino superior (fies)
15982,Fundo de financiamento ao estudante do ensino superior
15982,Fundo de financiamento estudantil
17756,Mic
17756,Ministério da indústria e comércio
20484,Saf
20484,Secretaria de administração federal
20726,Smu
20726,Setor militar urbano
20880,Sonorização ambiental
20880,Sonorização mecânica
13288,Copam
13288,Conselho estadual de política ambiental
14855,Dívida agrícola
14855,Dívida rural
21142,Tlp
21142,Taxa de limpeza pública
13478,Contrato atípico
13478,Contrato inominado
13478,Contrato misto
12963,Conflito de defesa
12963,Colidência de defesa
15677,Falta de serviço
15677,Culpa administrativa
21136,Tip
21136,Taxa de iluminação pública
15303,Escola particular
15303,Colégio particular
22003,Elemento espiritual da obrigação
22003,Elemento imaterial da obrigação
22003,Elemento subjetivo da obrigação
21932,Vis atrativa
21932,Vis atractiva
21932,Força atrativa
18831,Terminal portuário privativo
18831,Instalação portuária de uso privativo
18831,Porto privativo
21622,Unidade fiscal do estado de são paulo
21622,Ufesp
22041,App
22041,Área de preservação ambiental
22041,Área de preservação permanente
21347,To
21347,Estado de tocantins
17538,Ma
17538,Estado do maranhão
20998,Superintendência nacional da marinha mercante
20998,Sunamam
16712,Instituto de previdência do estado de são paulo
16712,Ipesp
17003,Junta de conciliação e julgamento
17003,Jcj
15974,Fundo de assistência habitacional
15974,Fundhab
19145,Princípio da estabilização subjetiva do processo
19145,Perpetuatio legitimationis
21729,Valor referencial de financiamento
21729,Valor de referência de financiamento
21729,Valores de referência de financiamento
21729,Vrf
13311,Conselho nacional de direito autoral
13311,Cnda
16720,Instituto de previdência e assistência dos servidores do estado
16720,Ipase
16711,Instituto de previdência do estado de santa catarina
16711,Ipesc
13033,Centrais eletricas de são paulo s/a
13033,Cesp
13033,Companhia energética de são paulo
19612,Provimento inicial
19612,Provimento autônomo
16728,Instituto nacional de estudos e pesquisas educacionais
16728,Inep
16728,Instituto nacional de estudos e pesquisas educacionais anísio teixeira
17777,Mtb
17777,Ministério do trabalho
16633,Crime de menor potencial ofensivo
16633,Delito de menor potencial ofensivo
15212,Erro de tipo escusável
15212,Erro de tipo justificável
15212,Erro de tipo inevitável
15212,Erro de tipo inculpável
15213,Erro de tipo inescusável
15213,Erro de tipo injustificável
15213,Erro de tipo evitável
15213,Erro de tipo culpável
18956,Prescrição retroativa antecipada
18956,Prescrição pela pena em perspectiva
18956,Prescrição da pena em perspectiva
18956,Prescrição virtual
21485,Tribunal regional federal
21485,Trf
16695,Idec
16695,Instituto brasileiro de defesa do consumidor
16695,Instituto de defesa do consumidor
20304,Empresa resseguradora
20304,Companhia resseguradora
20304,Instituição resseguradora
15307,Estabelecimento prisional similar
15307,Estabelecimento penal similar
13315,Cnpa
13315,Conselho nacional de política agrícola
14642,Racha
14642,Pega
14642,Competição automobilística
13495,Contratação por meio de informática
13495,Contrato informático
13495,Contrato on-line
13495,Contrato por computador
15890,Francos poincare
15890,Franco poincare
22064,Índice geral de preço - disponibilidade interna
22064,Índice geral de preços - disponibilidade interna
22064,Igp-di
17079,Judicium rescindens
17079,Iudicium rescindens
17080,Judicium rescissorium
17080,Iudicium rescissorium
19461,Refis
19461,Programa de recuperação fiscal
15112,Endosso-garantia
15112,Endosso-penhor
15112,Endosso pignoratício
13992,Cônsul de carreira
13992,Cônsul de profissão
13992,Consul missi
13992,Agente consular
21727,Quantia devida
21727,Quantum debeatur
21727,Valor devido
21727,Valor do débito
19468,Plano nacional de desestatização
19468,Programa nacional de desestatização
19468,Pnd
15115,Energia elétrica excedente para produção de bens exportáveis
15115,Epex
16721,Instituto de previdência e assistência dos servidores do estado de goiás
16721,Ipasgo
14059,Documento anual do movimento econômico-fiscal
14059,Damef
14059,Declaração anual do movimento econômico fiscal
21120,Taxa básica financeira
21120,Tbf
11465,Anvisa
11465,Agência nacional de vigilância sanitária
17122,Lavagem de capitais
17122,Ocultação de bens direitos e valores
13614,Cindaesp
13614,Coordenação nacional de demitidos e anistiados das estatais e serviços públicos
20996,Superintendência do desenvolvimento da amazônia
20996,Sudam
16717,Instituto de previdência do município
16717,Iprem
16119,Gdp
16119,Gratificação de desempenho e de produtividade
16119,Gratificação de desempenho e produtividade
16115,Gratificação de desempenho de atividade jurídica
16115,Gdaj
16714,Instituto de previdência do estado do paraná
16714,Ipepr
16710,Instituto de previdência do estado de rondônia
16710,Ipero
16709,Instituto de previdência do estado da paraíba
16709,Ipepb
16713,Instituto de previdência do estado do ceará
16713,Ipec
16713,Ipece
16719,Instituto de previdência do estado de minas gerais
16719,Ipemg
16719,Instituto de previdência dos servidores do estado de minas gerais
13490,Res sperata
13490,Contrato de reserva de localização
20787,Snpi
20787,Sistema nacional de procurados e impedidos
20788,Snuc
20788,Sistema nacional de unidades de conservação
19223,Princípio da relatividade dos efeitos do contrato
19223,Princípio da relatividade das convenções
19223,Princípio da relatividade dos efeitos do negócio jurídico contratual
11870,Ape
11870,Associação de poupança e empréstimo
16009,Fnma
16009,Fundo nacional do meio ambiente
19469,Programa nacional de fortalecimento da agricultura familiar
19469,Pronaf
16112,Gratificação de condição especial de trabalho
16112,Gcet
13308,Cnas
13308,Conselho nacional de assistência social
16000,Fundo geral de turismo
16000,Fungetur
11466,"Agência nacional do petróleo, gás natural e biocombustíveis"
11466,Anp
11466,Agência nacional do petróleo
15113,Endosso-procuração
15113,Endosso mandato
15113,Endosso procuração
15113,Endosso por procuração
15113,Endosso-delegação
15113,Endosso procuratório
15113,Endosso fiduciário
20777,Sistema integrado de administração financeira do governo federal
20777,Siafi
17687,Mercado comum do sul
17687,Mercosul
11885,Multa diária
11885,Astreinte
12473,Cadastro geral de contribuintes
12473,Cadastro nacional de pessoa jurídica
12473,Cgc
12473,Cadastro nacional de pessoas jurídicas
12473,Cnpj
16110,Gct
16110,Gratificação de atividades em ciência e tecnologia
16110,Gratificação de atividade em ciência e tecnologia
20702,Serviço social do transporte
20702,Sest
20684,Serviço nacional de aprendizagem do transporte
20684,Senat
14208,Dct
14208,Departamento dos correios e telégrafos
11461,Ans
11461,Agência nacional de saúde (ans)
11461,Agência nacional de saúde suplementar
11461,Agência nacional de saúde
14771,Moléstia transmissível
14771,Doença contagiosa
14771,Moléstia contagiosa
16129,Grm
16129,Gratificação de representação mensal
17306,Licença-gestante
17306,Licença-maternidade
18716,Pis repique
18716,Pis/repique
18715,Pis faturamento
18715,Pis/faturamento
15295,Instituição de ensino estadual
15295,Colégio estadual
15295,Escola estadual
13006,Cejai
13006,Comissão estadual judiciária de adoção internacional
13296,Cff
13296,Conselho federal de farmácia
13291,Cfb
13291,Conselho federal de biblioteconomia
13298,Cfm
13298,Conselho federal de medicina
13299,Cfmv
13299,Conselho federal de medicina veterinária
13008,Cipa
13008,Comissão interna de prevenção de acidentes
16012,Fse
16012,Fundo social de emergência
16459,Imunidade parlamentar relativa
16459,Imunidade parlamentar processual
16460,Imunidade parlamentar absoluta
16460,Inviolabilidade dos atos parlamentares
16460,Indenidade parlamentar
16460,Inviolabilidade parlamentar
16460,Imunidade real
14932,Elemento subjetivo do injusto
14932,Elemento subjetivo do crime
14932,Elemento subjetivo do delito
20242,Cláusula de reserva de plenário
20242,Princípio da reserva de plenário
20242,Cláusula da reserva da maioria
18300,Transgênico
18300,Ogm
18300,Organismo geneticamente modificado
21222,Frutos da arvore envenenada
21222,Fruits of the poisonous tree
21521,Tráfico internacional de drogas
21521,Tráfico internacional de tóxicos
15971,Fat
15971,Fundo de amparo ao trabalhador
15466,Descriminante
15466,Exclusão de ilicitude
15466,Excludente de antijuridicidade
15466,Excludente da ilicitude
15466,Causa de exclusão de ilicitude
15466,Causa de exclusão da antijuridicidade
15466,Causa excludente de ilicitude
15466,Causa excludente de antijuridicidade
15466,Excludente do crime
15466,Justificante
15466,Exclusão de criminalidade
15466,Exclusão da ilicitude
13110,Cat
13110,Comunicação de acidente de trabalho
13110,Comunicação de acidente do trabalho
11731,Agf
11731,Aquisição do governo federal
11723,Bem aquesto
11723,Adquistos
19681,Post factum impunível
19681,Fato posterior impunível
13548,Cgu
13548,Controladoria-geral da união
21160,Taxa referencial da selic
21160,Taxa referencial do sistema especial de liquidação e de custódia
21160,Taxa selic
16708,Instituto de pesos e medidas
16708,Ipem
13527,Cide
13527,Contribuição de intervenção no domínio econômico
12487,Caixa de previdência dos funcionários do banco do brasil
12487,Previ
21017,Supremacia constitucional
21017,Supremacia da norma constitucional
14601,Direitos de personalidade
14601,Direito da personalidade
14601,Direito de personalidade
15961,Fundação nacional da saúde
15961,Funasa
13005,Cerpa
13005,Comissão especial de revisão dos processos de anistia
13221,Confederação nacional de agricultura
13221,Cna
13221,Confederação nacional da agricultura
20713,60 salários mínimos
20713,60(sessenta salários mínimos)
20781,Sistema nacional de armas
20781,Sinarm
13035,Csn
13035,Companhia siderúrgica nacional
11463,Antaq
11463,Agência nacional de transportes aquaviários
12058,Apip
12058,Ausências permitidas ao trabalho
12058,Ausência permitida ao trabalho para tratar de interesse particular
12058,Ausência para tratar de interesse particular
15994,Fundo de recuperação econômica do espírito santo
15994,Funres
15994,Fundo de recuperação econômica do estado do espírito santo
19136,Princípio da efetividade processual
19136,Princípio da efetividade do processo
19136,Efetividade processual
19136,Efetividade do processo
19136,Princípio da efetividade da tutela jurisdicional
21221,Venire contra factum proprium
21221,Teoria do ato próprio
13955,Cpr
13955,Cédula de produto rural
16114,Gcg
16114,Gratificação de ciclo de gestão
16114,Gratificação do ciclo de gestão
16114,Gratificação de desempenho de atividade do ciclo de gestão
18377,Pb
18377,Estado da paraíba
13014,Ctnbio
13014,Comissão técnica nacional de biossegurança
14852,Gratificação natalina
14852,Gratificação de natal
14852,13º salário
19984,Rdd
19984,Regime disciplinar diferenciado
20487,Sucar
20487,Secretaria de estado de coordenação das administrações regionais
18385,Parcelamento especial
18385,Parcelamento especial de débitos tributários federais
18385,Refis ii
18385,Paes
15482,Execução de crime
15482,Cometimento do crime
15482,Prática do crime
15482,Prática de crime
15482,Cometimento de crime
15111,Endosso translativo
15111,Endosso traslatício
15111,Endosso translatício
21335,Quadriplegia
21335,Quadroplegia
18721,Placa de identificação
18721,Placa de carro
18721,Placa do carro
18721,Sinal de identificação externo de veículo automotor
18721,Sinal identificador de veículo
18265,Operação de swap para fins de hedge
18265,Operação de swap com proteção hedge
18265,Contrato de swap com cobertura hedge
19130,Princípio da correlação do pedido
19130,Princípio da congruência
19130,Princípio da correspondência
21372,Exercício domiciliar
21372,Trabalho domiciliar
15297,Instituição de ensino municipal
15297,Colégio municipal
15297,Escola municipal
13025,Cd
13025,Compact disc
20776,Sistema integrado de administração de recursos humanos
20776,Sistema integrado de administração de pessoal
20776,Siape
15298,Escola pública
15298,Instituição de educação pública
15298,Colégio público
15298,Instituição de ensino público
16705,Instituto de assistência e previdência do estado do piauí
16705,Iapep
19716,Quebra do sigilo dos dados telefônicos
19716,Quebra do sigilo telefônico
20587,Sinaleira
20587,Sinal de trânsito
20587,Sinal luminoso
20587,Farol
19182,Princípio da reserva legal
19182,Princípio da estrita legalidade
19182,Princípio da legalidade estrita
19182,Princípio da intervenção legalizada
19182,Nullum crimen nulla poena signe praevia lege
21877,Teleconferência
21877,Tele-audiência
21877,Vídeo-conferência
21877,Teleaudiência
13263,Cbo
13263,Conselho brasileiro de oftalmologia
16348,Empresa imobiliária
16348,Administradora de imóveis
16348,Empresa administradora de imóveis
16308,Provedor de hospedagem
16308,Provedor hospedeiro
13507,Contrato nominado
13507,Contrato nominal
19105,Princípio da livre acessibilidade
19105,Princípio da acessibilidade aos cargos públicos
19105,Princípio da ampla acessibilidade aos cargos públicos
19155,Princípio da humanização das penas
19155,Princípio da humanidade da pena
19155,Princípio da humanidade
20077,Relativização da res judicata
20077,Teoria da relativização da coisa julgada
20077,Princípio da relativização da coisa julgada
19997,Regime inicialmente semiaberto
19997,Regime inicialmente semi-aberto
19997,Regime inicial semi-aberto
15364,Eia
15364,Estudo de impacto ambiental
18409,Parentesco por cognação
18409,Parentesco por consangüinidade
18409,Parentesco carnal
15429,Enade
15429,Exame nacional de desempenho dos estudantes
16192,Guia de recolhimento do fgts e informações da previdência social
16192,Gfip
16192,Guia de recolhimento do fundo de garantia do tempo de serviço e informações à previdência social
16192,Guia de recolhimento do fgts e informações à previdência social (gfip)
21126,Taxa de coleta de lixo e limpeza pública
21126,Tcllp
21636,Universidade de são paulo
21636,Usp
12751,Certificado de entidade de fins filantrópicos
12751,Cebas
12751,Certificado de entidade beneficente de assistência social
12981,Rodotrem
12981,Cvc
12981,Combinação de veículos de carga
11454,Agência de desenvolvimento do nordeste
11454,Adene
21253,Tare
21253,Termo de acordo de regime especial
19160,Princípio da inafastabilidade do controle jurisdicional
19160,Princípio do direito de ação
19160,Princípio da inafastabilidade do judiciário
19160,Princípio do acesso à justiça
13341,Crmv
13341,Conselho regional de medicina veterinária
12777,Sala de bate papo
12777,Sala de bate-papo
20794,Endereço eletrônico
20794,Sítio eletrônico
20794,Website
18336,Pacto de san jose da costa rica
18336,Convenção americana sobre direitos humanos
18336,Pacto san jose da costa rica
18336,Pacto de san josé da costa rica
18336,Convenção americana de direitos humanos
18336,Pacto de san josé de costa rica
18336,Pacto de san jose de costa rica
18336,Pacto san josé da costa rica
16716,Instituto de previdência do estado do rio grande do sul
16716,Ipers
16716,Ipergs
11464,Antt
11464,Agência nacional de transportes terrestres
19194,Princípio da não incriminação
19194,Princípio da não autoacusação
11453,Agência brasileira de inteligência
11453,Abin
12082,Auto-acusação
12082,Autoacusação
12082,Auto-incriminação
12586,Identidade estudantil
12586,Carteira do estudante
12586,Carteira de identificação estudanil (cie)
13327,Conade
13327,Conselho nacional dos direitos da pessoa com deficiência
15996,Fusex
15996,Fundo de saúde do exército
12203,Causa maior
12203,Causa continente
12202,Causa contida
12202,Causa menor
19193,Princípio da necessidade da pena
19193,Princípio da necessariedade da pena
21329,Testemunha de vista
21329,Testemunha de viso
21617,Unidade de terapia intensiva
21617,Uti
14219,Departamento nacional de produção mineral
14219,Dnpm
20790,Sistema acusatório
20790,Sistema processual acusatório
19207,Princípio da conservação da empresa
19207,Princípio da preservação da atividade
13313,Conselho nacional de justiça
13313,Cnj
19236,Princípio da supremacia do interesse público sobre o particular
19236,Princípio da supremacia do interesse público sobre o privado
19236,Princípio do interesse público
12232,Ação social uti universi
12232,Ação social de responsabilidade civil contra o administrador
20229,Rpv
20229,Requisições de pequeno valor
20229,Requisição de pequeno valor
13017,Comitê nacional para os refugiados
13017,Conare
21255,Termo de compromisso de ajustamento de conduta
21255,Compromisso de ajustamento de conduta
21255,Tac
21255,Termo de ajustamento de conduta
16156,Gravidade genérica
16156,Gravidade em abstrato
21203,Teoria da perda de uma chance
21203,Teoria da perda de chance
19449,Programa de aceleração do crescimento
19449,Pac
15958,Fhe
15958,Fundação  habitacional do exército
19143,Princípio da inalterabilidade do libelo
19143,Princípio da estabilização do processo
19143,Princípio da estabilização da lide
19143,Princípio da estabilidade da lide
19143,Princípio da estabilidade do processo
19143,Princípio da estabilidade processual
15586,Extinção do processo sem julgamento do mérito
15586,Extinção do processo sem julgamento de mérito
15585,Extinção do processo com julgamento do mérito
15585,Extinção do processo com julgamento de mérito
16191,Guia de recolhimento da união
16191,Gru
16157,Gravidade in concreto
16157,Gravidade em concreto
16185,Guia de informação e apuração do icms
16185,Gia
13658,Corte permanente de justiça internacional
13658,Cij
13283,Conselho de segurança das nações unidas
13283,Csnu
13283,Conselho de segurança da onu
13283,Conselho de segurança da organização das nações unidas
15968,Fundo constitucional de financiamento do centro-oeste
15968,Fco
12164,Aai
12164,Avaliação ambiental integrada
17098,Lançamento de débito confessado
17098,Ldc
19447,Programa das nações unidas para o desenvolvimento
19447,Pnud
11534,Alto comissariado das nações unidas para refugiados
11534,Agência da onu para refugiados
11534,Acnur
12320,Banco internacional de reconstrução e desenvolvimento
12320,Bird
11818,Agnu
11818,Assembléia geral das nações unidas
11458,Agência internacional de energia atômica
11458,Aiea
18305,"Organização das nações unidas para a educação, ciência e cultura"
18305,Unesco
19448,Programa das nações unidas para o meio ambiente
19448,Pnuma
18309,Organização internacional do trabalho
18309,Oit
18311,Organização mundial de saúde
18311,Oms
18312,Organização mundial do comércio
18312,Omc
21481,Tpi
21481,Corte penal internacional
15289,Eas
15289,Estabelecimento assistencial de saúde
15970,Fundo das nações unidas para a infância
15970,Unicef
11294,Age
11294,Adicional de gestão educacional
21138,Tjlp
21138,Taxa de juros de longo prazo
16715,Instituto de previdência do estado do rio de janeiro
16715,Iperj
18731,Pcr
18731,Plano de comprometimento de renda
11459,Agência nacional de aviação civil
11459,Anac
13940,Câmara de comércio exterior
13940,Camex
22067,Incc
22067,Índice nacional de custo da construção
16007,Fundo nacional de segurança e educação no trânsito
16007,Funset
16007,Fundo nacional de segurança e educação de trânsito
16116,Gratificação de desempenho de atividade tributária
16116,Gdat
15190,Epi
15190,Equipamento de proteção individual
21205,Teoria da substancialização da causa de pedir
21205,Teoria da substancialização
21205,Teoria da substanciação da causa de pedir
16121,Ged
16121,Gratificação de estímulo à docência
14017,Dano moral por ricochete
14017,Dano por ricochete
20568,Dpvat
20568,Seguro obrigatório de danos pessoais causados por veículos
20568,Seguro obrigatório de danos pessoais causados por veículos (dpvat)
20568,Seguro obrigatório de danos pessoais causados por veículos automotores de via terrestre
15881,Fab
15881,Força aérea brasileira
21096,Tabela única nacional de equivalência de procedimentos
21096,Tunep
16006,Fns
16006,Fundo nacional de saúde
15882,Feb
15882,Força expedicionária brasileira
16003,Fnas
16003,Fundo nacional de assistência social
21125,Tcld
21125,Taxa de coleta de lixo domiciliar
21127,Tcdl
21127,Taxa de coleta domiciliar de lixo
16473,Propriedade improdutiva
16473,Terra improdutiva
11595,República de angola
11595,República popular de angola
21130,Tcfa
21130,Taxa de controle e fiscalização ambiental
21538,Tnu
21538,Turma nacional de uniformização
15945,Motivação per relationem
15945,Aliunde
21197,Teoria da carga dinâmica da prova
21197,Teoria dinâmica do ônus da prova
21197,Teoria dinâmica da distribuição do ônus da prova
22004,Vírus da imunodeficiência humana
22004,Hiv
21152,Tsa
21152,Taxa de serviços administrativos
14381,Taxa de condomínio
14381,Taxa condominial
14763,Enfermidade incapacitante
14763,Moléstia incapacitante
16135,Gecc
16135,Gratificação por encargo de curso ou concurso
11394,Bareboat
11394,Demise charter parties
16387,Imposto de renda pessoa jurídica
16387,Irpj
16387,Imposto de renda da pessoa jurídica
16387,Imposto de renda de pessoa jurídica
15953,Geap
15953,Fundação de seguridade social
20999,Previc
20999,Superintendência nacional de previdência complementar
12452,Bônus do tesouro nacional fiscal
12452,Btnf
20378,Rat
20378,Risco ambiental de trabalho
22069,Índice de preços ao consumidor amplo
22069,Ipca
22069,Índice de preços ao consumidor amplo (ipca)
13539,Contribuição provisória sobre movimentação financeira
13539,Cpmf
13539,Contribuição provisória  sobre   movimentação  financeira (cpmf)
21113,Tec
21113,Tarifa de emissão de carnê
12738,Cpen
12738,Certidão positiva de débito com efeitos de negativa
12738,Cpd-en
12738,Certidão positiva com efeitos de negativa
11240,Acidente vascular cerebral
11240,Avc
11455,Agefis-df
11455,Agência de fiscalização do df
21774,Vantagem nominalmente identificada
21774,Vantagem pessoal nominalmente identificada
21774,Vpni
20785,Sisnad
20785,Sistema nacional de políticas publicas sobre drogas
16190,Guia de recolhimento da previdência social
16190,Grps
14217,Dnit
14217,Departamento nacional de infraestrutura de transportes
14740,Darj
14740,Documento de arrecadação de receitas judiciárias
20782,Sinase
20782,Sistema nacional de atendimento socioeducativo
15729,Fap
15729,Fator acidentário de prevenção
15729,Fator acidentário previdenciário
14182,Dcp
14182,Demonstrativo do crédito presumido
14182,Demonstrativo de crédito presumido
14182,Demonstrativo de crédito presumido (dcp)
11305,Aq
11305,Adicional de qualificação
18362,Xingamento
18362,Palavrão
18321,Onalt
18321,Outorga onerosa de alteração de uso
19989,Reintegra
19989,Regime especial de reintegração de valores tributários para as empresas exportadoras
15980,Fesa-sfh
15980,Fundo de equalização de sinistralidade da apólice de seguro habitacional
15980,Fundo de equalização de sinistralidade da apólice
12472,Cnis
12472,Cadastro nacional de informações sociais
21115,Tusd
21115,Tarifa de uso do sistema de distribuição de energia elétrica
17813,Meg
17813,Monoetilenoglicol
16180,Gps
16180,Guia da previdência social
13272,Cau/br
13272,Conselho de arquitetura e urbanismo do brasil
13273,Cau/df
13273,Conselho de arquitetura e urbanismo do distrito federal
13273,Conselho de arquitetura e urbanismo dos estados e do distrito federal (caus)
21110,Tust
21110,Tarifa de uso do sistema de transmissão de energia elétrica
21114,Trc
21114,Tarifa de renovação de cadastro
20349,Revaloração de fatos
20349,Revaloração de prova
20349,Revaloração das provas
21621,Unidade fiscal de referência do estado do maranhão
21621,Ufr-ma
13262,Carf
13262,Conselho administrativo de recursos fiscais
21151,Taxa de serviço de assessoria técnico-imobiliária
21151,Taxa de serviços de assessoria técnico-jurídico imobiliária
21151,Taxa sati
20659,Sati
20659,Serviço de assessoria técnico-imobiliária
20659,Serviço de assessoria técnico-jurídico imobiliária
20659,Serviço de assessoria imobiliária
16118,Gratificação de desempenho do plano geral de cargos do poder executivo
16118,Gdpgpe
21139,Taxa pela emissão de licença de importação
21139,Taxa de emissão de guia de importação
13032,Sabesp
13032,Companhia de saneamento básico do estado de são paulo
15999,Fgc
15999,Fundo garantidor de créditos
15999,Fundo garantidor de crédito
12476,Cadastro único de convênio
12476,Cauc
16385,Ir
16385,Imposto de renda
20704,Serviço social rural
20704,Ssr
18595,Perfil profissiográfico previdenciário
18595,Ppp
18380,Parcela autônoma de magistério
18380,Pam
18380,Parcela autônoma do magistério
21750,Valor patrimonial da ação
21750,Vpa
19678,Página web
19678,Página na internet
20772,Selic
20772,Sistema especial de liquidação e de custódia
20772,Sistema especial de liquidação e custódia
21153,Taxa de utilização do sistema integrado de comércio exterior
21153,Siscomex
11258,Mutual legal assistance treaty (mlat)
11258,Mlat
11258,Tratado de mútua assistência em matéria penal
11258,Acordo de cooperação judiciária e assistência mútua em matéria penal
13832,Exame cruzado
13832,Sistema cross examination
13832,Procedimento cross examination
13832,Cross-examination
19467,Pnae
19467,Programa nacional de alimentação escolar
14840,Dever de mitigar o próprio prejuízo
14840,Teoria do duty to mitigate the loss
14840,Princípio do duty to mitigate the loss
15992,Fundo de participação dos municípios
15992,Fpm
16410,Icms/st
16410,Icms - substituição tributária
16410,Icms - st
15989,Fundo de manutenção e desenvolvimento da educação básica e de valorização dos profissionais da educação
15989,Fundeb
13589,Teoria da conversão
13589,Princípio da conversão do negócio jurídico
20043,Regras mínimas das nações unidas para o tratamento de reclusos
20043,Regras de nelson mandela
20043,Regras mínimas para tratamento de presos
13030,Companhia brasileira de trens urbanos
13030,Cbtu
13082,Ctva
13082,Complemento temporário variável de ajuste de mercado
13617,Covid-19
13617,Corona virus disease 2019
13617,Covid19
13617,Covid 19
15430,Exame nacional para certificação de competências de jovens e adultos
15430,Encceja
13300,Cfo
13300,Conselho federal de odontologia
14075,Dimob
14075,Declaração de informações sobre atividades imobiliárias
12458,Cadastro ambiental rural
12458,Car
13301,Conselho federal de psicologia
13301,Cfp
19172,Princípio da pessoalidade da pena
19172,Princípio da personalidade da pena
18496,Puil
18496,Pedido de uniformização de interpretação de lei
18496,Pedido de uniformização de interpretação de lei federal
19179,Princípio da competência-competência
19179,Kompetenz-kompetenz
12166,Avaliação de impacto ambiental
12166,Aia
19459,Programa de inclusão digital
19459,Pid
21873,Vgbl
21873,Vida gerador de benefício livre
13578,Convenção interamericana sobre violência contra a mulher
13578,Convenção de belém do pará
13580,Convenção sobre a eliminação de discriminação contra a mulher
13580,Convenção da mulher (cedaw)
20059,Reincidência não específica
20059,Reincidência simples
13537,Contribuição previdenciária substitutiva incidente sobre a receita bruta
13537,Cprb
13537,Contribuição previdenciária sobre a receita bruta
17165,Estatuto do deficiente
17165,Estatuto da pessoa com deficiência
17165,Lei brasileira de inclusão da pessoa deficiente
17165,Lbi
21211,Teoria da perda do tempo útil
21211,Teoria da perda do tempo livre